{
	"credit": "Made with Blockbench",
	"texture_size": [32, 32],
	"textures": {
		"0": "./fire_texture",
		"1": "./ball_texture",
		"particle": "./fire_texture"
	},
	"elements": [
		{
			"from": [3, -1.25, 15],
			"to": [4, -0.25, 21],
			"rotation": {"angle": -22.5, "axis": "x", "origin": [0, 0, 0]},
			"faces": {
				"north": {"uv": [0, 10, 0.5, 10.5], "texture": "#0"},
				"east": {"uv": [0, 0, 3, 0.5], "texture": "#0"},
				"south": {"uv": [0.5, 10, 1, 10.5], "texture": "#0"},
				"west": {"uv": [0, 0.5, 3, 1], "texture": "#0"},
				"up": {"uv": [0.5, 4, 0, 1], "texture": "#0"},
				"down": {"uv": [1, 1, 0.5, 4], "texture": "#0"}
			}
		},
		{
			"from": [2, -0.25, 15],
			"to": [3, 0.75, 21],
			"rotation": {"angle": -22.5, "axis": "x", "origin": [0, 0, 0]},
			"faces": {
				"north": {"uv": [10, 1, 10.5, 1.5], "texture": "#0"},
				"east": {"uv": [1, 1, 4, 1.5], "texture": "#0"},
				"south": {"uv": [10, 1.5, 10.5, 2], "texture": "#0"},
				"west": {"uv": [1, 1.5, 4, 2], "texture": "#0"},
				"up": {"uv": [1.5, 5, 1, 2], "texture": "#0"},
				"down": {"uv": [2, 2, 1.5, 5], "texture": "#0"}
			}
		},
		{
			"from": [1, 0.75, 14],
			"to": [2, 1.75, 20],
			"rotation": {"angle": -22.5, "axis": "x", "origin": [0, 0, 0]},
			"faces": {
				"north": {"uv": [10, 3, 10.5, 3.5], "texture": "#0"},
				"east": {"uv": [2, 2, 5, 2.5], "texture": "#0"},
				"south": {"uv": [10, 3.5, 10.5, 4], "texture": "#0"},
				"west": {"uv": [2, 2.5, 5, 3], "texture": "#0"},
				"up": {"uv": [2.5, 6, 2, 3], "texture": "#0"},
				"down": {"uv": [3, 3, 2.5, 6], "texture": "#0"}
			}
		},
		{
			"from": [3, 1.75, 14],
			"to": [4, 2.75, 20],
			"rotation": {"angle": -22.5, "axis": "x", "origin": [0, 0, 0]},
			"faces": {
				"north": {"uv": [4, 10, 4.5, 10.5], "texture": "#0"},
				"east": {"uv": [3, 0, 6, 0.5], "texture": "#0"},
				"south": {"uv": [4.5, 10, 5, 10.5], "texture": "#0"},
				"west": {"uv": [3, 0.5, 6, 1], "texture": "#0"},
				"up": {"uv": [3.5, 6, 3, 3], "texture": "#0"},
				"down": {"uv": [4, 3, 3.5, 6], "texture": "#0"}
			}
		},
		{
			"from": [4, 2.75, 16],
			"to": [5, 3.75, 22],
			"rotation": {"angle": -22.5, "axis": "x", "origin": [0, 0, 0]},
			"faces": {
				"north": {"uv": [6, 10, 6.5, 10.5], "texture": "#0"},
				"east": {"uv": [4, 1, 7, 1.5], "texture": "#0"},
				"south": {"uv": [6.5, 10, 7, 10.5], "texture": "#0"},
				"west": {"uv": [4, 1.5, 7, 2], "texture": "#0"},
				"up": {"uv": [0.5, 7, 0, 4], "texture": "#0"},
				"down": {"uv": [1, 4, 0.5, 7], "texture": "#0"}
			}
		},
		{
			"from": [7, 2.75, 9],
			"to": [8, 3.75, 15],
			"rotation": {"angle": -22.5, "axis": "x", "origin": [0, 0, 0]},
			"faces": {
				"north": {"uv": [10, 7, 10.5, 7.5], "texture": "#0"},
				"east": {"uv": [4, 3, 7, 3.5], "texture": "#0"},
				"south": {"uv": [10, 7.5, 10.5, 8], "texture": "#0"},
				"west": {"uv": [4, 3.5, 7, 4], "texture": "#0"},
				"up": {"uv": [4.5, 7, 4, 4], "texture": "#0"},
				"down": {"uv": [5, 4, 4.5, 7], "texture": "#0"}
			}
		},
		{
			"from": [9, 2.75, 14],
			"to": [10, 3.75, 20],
			"rotation": {"angle": -22.5, "axis": "x", "origin": [0, 0, 0]},
			"faces": {
				"north": {"uv": [10, 9, 10.5, 9.5], "texture": "#0"},
				"east": {"uv": [5, 2, 8, 2.5], "texture": "#0"},
				"south": {"uv": [10, 9.5, 10.5, 10], "texture": "#0"},
				"west": {"uv": [5, 2.5, 8, 3], "texture": "#0"},
				"up": {"uv": [1.5, 8, 1, 5], "texture": "#0"},
				"down": {"uv": [2, 5, 1.5, 8], "texture": "#0"}
			}
		},
		{
			"from": [10, 1.75, 14],
			"to": [11, 2.75, 20],
			"rotation": {"angle": -22.5, "axis": "x", "origin": [0, 0, 0]},
			"faces": {
				"north": {"uv": [10, 10, 10.5, 10.5], "texture": "#0"},
				"east": {"uv": [5, 4, 8, 4.5], "texture": "#0"},
				"south": {"uv": [0, 10.5, 0.5, 11], "texture": "#0"},
				"west": {"uv": [5, 4.5, 8, 5], "texture": "#0"},
				"up": {"uv": [5.5, 8, 5, 5], "texture": "#0"},
				"down": {"uv": [6, 5, 5.5, 8], "texture": "#0"}
			}
		},
		{
			"from": [8, -1.25, 15],
			"to": [9, -0.25, 21],
			"rotation": {"angle": -22.5, "axis": "x", "origin": [0, 0, 0]},
			"faces": {
				"north": {"uv": [0.5, 10.5, 1, 11], "texture": "#0"},
				"east": {"uv": [6, 0, 9, 0.5], "texture": "#0"},
				"south": {"uv": [10.5, 1, 11, 1.5], "texture": "#0"},
				"west": {"uv": [6, 0.5, 9, 1], "texture": "#0"},
				"up": {"uv": [2.5, 9, 2, 6], "texture": "#0"},
				"down": {"uv": [3, 6, 2.5, 9], "texture": "#0"}
			}
		},
		{
			"from": [7, -0.25, 14],
			"to": [8, 0.75, 20],
			"rotation": {"angle": -22.5, "axis": "x", "origin": [0, 0, 0]},
			"faces": {
				"north": {"uv": [10.5, 1.5, 11, 2], "texture": "#0"},
				"east": {"uv": [6, 5, 9, 5.5], "texture": "#0"},
				"south": {"uv": [10.5, 3, 11, 3.5], "texture": "#0"},
				"west": {"uv": [6, 5.5, 9, 6], "texture": "#0"},
				"up": {"uv": [3.5, 9, 3, 6], "texture": "#0"},
				"down": {"uv": [4, 6, 3.5, 9], "texture": "#0"}
			}
		},
		{
			"from": [6, 0.75, 14],
			"to": [7, 1.75, 20],
			"rotation": {"angle": -22.5, "axis": "x", "origin": [0, 0, 0]},
			"faces": {
				"north": {"uv": [10.5, 3.5, 11, 4], "texture": "#0"},
				"east": {"uv": [6, 6, 9, 6.5], "texture": "#0"},
				"south": {"uv": [4, 10.5, 4.5, 11], "texture": "#0"},
				"west": {"uv": [6, 6.5, 9, 7], "texture": "#0"},
				"up": {"uv": [0.5, 10, 0, 7], "texture": "#0"},
				"down": {"uv": [1, 7, 0.5, 10], "texture": "#0"}
			}
		},
		{
			"from": [5, 0.75, 7],
			"to": [6, 1.75, 13],
			"rotation": {"angle": -22.5, "axis": "x", "origin": [0, 0, 0]},
			"faces": {
				"north": {"uv": [4.5, 10.5, 5, 11], "texture": "#0"},
				"east": {"uv": [7, 1, 10, 1.5], "texture": "#0"},
				"south": {"uv": [6, 10.5, 6.5, 11], "texture": "#0"},
				"west": {"uv": [7, 1.5, 10, 2], "texture": "#0"},
				"up": {"uv": [4.5, 10, 4, 7], "texture": "#0"},
				"down": {"uv": [5, 7, 4.5, 10], "texture": "#0"}
			}
		},
		{
			"from": [5, -0.25, 9],
			"to": [6, 0.75, 15],
			"rotation": {"angle": -22.5, "axis": "x", "origin": [0, 0, 0]},
			"faces": {
				"north": {"uv": [6.5, 10.5, 7, 11], "texture": "#0"},
				"east": {"uv": [7, 3, 10, 3.5], "texture": "#0"},
				"south": {"uv": [10.5, 7, 11, 7.5], "texture": "#0"},
				"west": {"uv": [7, 3.5, 10, 4], "texture": "#0"},
				"up": {"uv": [6.5, 10, 6, 7], "texture": "#0"},
				"down": {"uv": [7, 7, 6.5, 10], "texture": "#0"}
			}
		},
		{
			"from": [4, 2.75, 7],
			"to": [5, 3.75, 13],
			"rotation": {"angle": -22.5, "axis": "x", "origin": [0, 0, 0]},
			"faces": {
				"north": {"uv": [10.5, 7.5, 11, 8], "texture": "#0"},
				"east": {"uv": [7, 7, 10, 7.5], "texture": "#0"},
				"south": {"uv": [10.5, 9, 11, 9.5], "texture": "#0"},
				"west": {"uv": [7, 7.5, 10, 8], "texture": "#0"},
				"up": {"uv": [1.5, 11, 1, 8], "texture": "#0"},
				"down": {"uv": [2, 8, 1.5, 11], "texture": "#0"}
			}
		},
		{
			"from": [6, -1.25, 9],
			"to": [7, -0.25, 15],
			"rotation": {"angle": -22.5, "axis": "x", "origin": [0, 0, 0]},
			"faces": {
				"north": {"uv": [10.5, 9.5, 11, 10], "texture": "#0"},
				"east": {"uv": [8, 2, 11, 2.5], "texture": "#0"},
				"south": {"uv": [10, 10.5, 10.5, 11], "texture": "#0"},
				"west": {"uv": [8, 2.5, 11, 3], "texture": "#0"},
				"up": {"uv": [5.5, 11, 5, 8], "texture": "#0"},
				"down": {"uv": [6, 8, 5.5, 11], "texture": "#0"}
			}
		},
		{
			"from": [3, -1.25, 7],
			"to": [4, -0.25, 13],
			"rotation": {"angle": -22.5, "axis": "x", "origin": [0, 0, 0]},
			"faces": {
				"north": {"uv": [10.5, 10, 11, 10.5], "texture": "#0"},
				"east": {"uv": [8, 4, 11, 4.5], "texture": "#0"},
				"south": {"uv": [10.5, 10.5, 11, 11], "texture": "#0"},
				"west": {"uv": [8, 4.5, 11, 5], "texture": "#0"},
				"up": {"uv": [7.5, 11, 7, 8], "texture": "#0"},
				"down": {"uv": [8, 8, 7.5, 11], "texture": "#0"}
			}
		},
		{
			"from": [6, 1.75, 9],
			"to": [7, 2.75, 15],
			"rotation": {"angle": -22.5, "axis": "x", "origin": [0, 0, 0]},
			"faces": {
				"north": {"uv": [0, 11, 0.5, 11.5], "texture": "#0"},
				"east": {"uv": [8, 8, 11, 8.5], "texture": "#0"},
				"south": {"uv": [0.5, 11, 1, 11.5], "texture": "#0"},
				"west": {"uv": [8, 8.5, 11, 9], "texture": "#0"},
				"up": {"uv": [2.5, 12, 2, 9], "texture": "#0"},
				"down": {"uv": [3, 9, 2.5, 12], "texture": "#0"}
			}
		},
		{
			"from": [3, 1.75, 7],
			"to": [4, 2.75, 13],
			"rotation": {"angle": -22.5, "axis": "x", "origin": [0, 0, 0]},
			"faces": {
				"north": {"uv": [1, 11, 1.5, 11.5], "texture": "#0"},
				"east": {"uv": [9, 0, 12, 0.5], "texture": "#0"},
				"south": {"uv": [11, 1, 11.5, 1.5], "texture": "#0"},
				"west": {"uv": [9, 0.5, 12, 1], "texture": "#0"},
				"up": {"uv": [3.5, 12, 3, 9], "texture": "#0"},
				"down": {"uv": [4, 9, 3.5, 12], "texture": "#0"}
			}
		},
		{
			"from": [8, 0.75, 10],
			"to": [9, 1.75, 16],
			"rotation": {"angle": -22.5, "axis": "x", "origin": [0, 0, 0]},
			"faces": {
				"north": {"uv": [1.5, 11, 2, 11.5], "texture": "#0"},
				"east": {"uv": [9, 5, 12, 5.5], "texture": "#0"},
				"south": {"uv": [11, 1.5, 11.5, 2], "texture": "#0"},
				"west": {"uv": [9, 5.5, 12, 6], "texture": "#0"},
				"up": {"uv": [8.5, 12, 8, 9], "texture": "#0"},
				"down": {"uv": [9, 9, 8.5, 12], "texture": "#0"}
			}
		},
		{
			"from": [1, 0.75, 7],
			"to": [2, 1.75, 13],
			"rotation": {"angle": -22.5, "axis": "x", "origin": [0, 0, 0]},
			"faces": {
				"north": {"uv": [11, 2, 11.5, 2.5], "texture": "#0"},
				"east": {"uv": [9, 6, 12, 6.5], "texture": "#0"},
				"south": {"uv": [11, 2.5, 11.5, 3], "texture": "#0"},
				"west": {"uv": [9, 6.5, 12, 7], "texture": "#0"},
				"up": {"uv": [9.5, 12, 9, 9], "texture": "#0"},
				"down": {"uv": [10, 9, 9.5, 12], "texture": "#0"}
			}
		},
		{
			"from": [2, 2, 2],
			"to": [3, 3, 4],
			"faces": {
				"north": {"uv": [0.5, 5.5, 1, 6], "texture": "#1"},
				"east": {"uv": [6.5, 7.5, 7.5, 8], "texture": "#1"},
				"south": {"uv": [7.5, 10.5, 8, 11], "texture": "#1"},
				"west": {"uv": [7.5, 6.5, 8.5, 7], "texture": "#1"},
				"up": {"uv": [2.5, 8.5, 2, 7.5], "texture": "#1"},
				"down": {"uv": [8, 7, 7.5, 8], "texture": "#1"}
			}
		},
		{
			"from": [2, 2, 6],
			"to": [3, 3, 8],
			"faces": {
				"north": {"uv": [8, 10.5, 8.5, 11], "texture": "#1"},
				"east": {"uv": [0, 8, 1, 8.5], "texture": "#1"},
				"south": {"uv": [10.5, 8, 11, 8.5], "texture": "#1"},
				"west": {"uv": [1, 8, 2, 8.5], "texture": "#1"},
				"up": {"uv": [8.5, 2, 8, 1], "texture": "#1"},
				"down": {"uv": [3, 8, 2.5, 9], "texture": "#1"}
			}
		},
		{
			"from": [7, 2, 2],
			"to": [8, 3, 4],
			"faces": {
				"north": {"uv": [8.5, 10.5, 9, 11], "texture": "#1"},
				"east": {"uv": [3, 8, 4, 8.5], "texture": "#1"},
				"south": {"uv": [10.5, 8.5, 11, 9], "texture": "#1"},
				"west": {"uv": [8, 3, 9, 3.5], "texture": "#1"},
				"up": {"uv": [8.5, 5, 8, 4], "texture": "#1"},
				"down": {"uv": [7, 8, 6.5, 9], "texture": "#1"}
			}
		},
		{
			"from": [6, 2, 2],
			"to": [7, 3, 3],
			"faces": {
				"north": {"uv": [9, 10.5, 9.5, 11], "texture": "#1"},
				"east": {"uv": [10.5, 9, 11, 9.5], "texture": "#1"},
				"south": {"uv": [9.5, 10.5, 10, 11], "texture": "#1"},
				"west": {"uv": [10.5, 9.5, 11, 10], "texture": "#1"},
				"up": {"uv": [10.5, 11, 10, 10.5], "texture": "#1"},
				"down": {"uv": [11, 10, 10.5, 10.5], "texture": "#1"}
			}
		},
		{
			"from": [3, 2, 2],
			"to": [4, 3, 3],
			"faces": {
				"north": {"uv": [10.5, 10.5, 11, 11], "texture": "#1"},
				"east": {"uv": [0, 11, 0.5, 11.5], "texture": "#1"},
				"south": {"uv": [0.5, 11, 1, 11.5], "texture": "#1"},
				"west": {"uv": [1, 11, 1.5, 11.5], "texture": "#1"},
				"up": {"uv": [11.5, 1.5, 11, 1], "texture": "#1"},
				"down": {"uv": [2, 11, 1.5, 11.5], "texture": "#1"}
			}
		},
		{
			"from": [7, 4, 7],
			"to": [8, 5, 8],
			"faces": {
				"north": {"uv": [11, 1.5, 11.5, 2], "texture": "#1"},
				"east": {"uv": [2, 11, 2.5, 11.5], "texture": "#1"},
				"south": {"uv": [2.5, 11, 3, 11.5], "texture": "#1"},
				"west": {"uv": [3, 11, 3.5, 11.5], "texture": "#1"},
				"up": {"uv": [11.5, 3.5, 11, 3], "texture": "#1"},
				"down": {"uv": [4, 11, 3.5, 11.5], "texture": "#1"}
			}
		},
		{
			"from": [8, 4, 3],
			"to": [9, 5, 7],
			"faces": {
				"north": {"uv": [4, 11, 4.5, 11.5], "texture": "#1"},
				"east": {"uv": [0, 0, 2, 0.5], "texture": "#1"},
				"south": {"uv": [4.5, 11, 5, 11.5], "texture": "#1"},
				"west": {"uv": [0, 0.5, 2, 1], "texture": "#1"},
				"up": {"uv": [0.5, 3, 0, 1], "texture": "#1"},
				"down": {"uv": [1, 1, 0.5, 3], "texture": "#1"}
			}
		},
		{
			"from": [4, 0, 4],
			"to": [6, 1, 6],
			"faces": {
				"north": {"uv": [7, 8, 8, 8.5], "texture": "#1"},
				"east": {"uv": [8, 7, 9, 7.5], "texture": "#1"},
				"south": {"uv": [8, 7.5, 9, 8], "texture": "#1"},
				"west": {"uv": [8, 8, 9, 8.5], "texture": "#1"},
				"up": {"uv": [2, 2, 1, 1], "texture": "#1"},
				"down": {"uv": [3, 0, 2, 1], "texture": "#1"}
			}
		},
		{
			"from": [3, 0, 4],
			"to": [4, 1, 6],
			"faces": {
				"north": {"uv": [11, 4.5, 11.5, 5], "texture": "#1"},
				"east": {"uv": [0, 8.5, 1, 9], "texture": "#1"},
				"south": {"uv": [5, 11, 5.5, 11.5], "texture": "#1"},
				"west": {"uv": [1, 8.5, 2, 9], "texture": "#1"},
				"up": {"uv": [9, 2, 8.5, 1], "texture": "#1"},
				"down": {"uv": [2.5, 8.5, 2, 9.5], "texture": "#1"}
			}
		},
		{
			"from": [6, 0, 4],
			"to": [7, 1, 6],
			"faces": {
				"north": {"uv": [5.5, 11, 6, 11.5], "texture": "#1"},
				"east": {"uv": [3, 8.5, 4, 9], "texture": "#1"},
				"south": {"uv": [11, 5.5, 11.5, 6], "texture": "#1"},
				"west": {"uv": [8.5, 4, 9.5, 4.5], "texture": "#1"},
				"up": {"uv": [6, 9.5, 5.5, 8.5], "texture": "#1"},
				"down": {"uv": [9, 5.5, 8.5, 6.5], "texture": "#1"}
			}
		},
		{
			"from": [4, 0, 6],
			"to": [6, 1, 7],
			"faces": {
				"north": {"uv": [8.5, 4.5, 9.5, 5], "texture": "#1"},
				"east": {"uv": [6, 11, 6.5, 11.5], "texture": "#1"},
				"south": {"uv": [8.5, 6.5, 9.5, 7], "texture": "#1"},
				"west": {"uv": [11, 6, 11.5, 6.5], "texture": "#1"},
				"up": {"uv": [8, 9, 7, 8.5], "texture": "#1"},
				"down": {"uv": [9, 8.5, 8, 9], "texture": "#1"}
			}
		},
		{
			"from": [4, 0, 3],
			"to": [6, 1, 4],
			"faces": {
				"north": {"uv": [0, 9, 1, 9.5], "texture": "#1"},
				"east": {"uv": [6.5, 11, 7, 11.5], "texture": "#1"},
				"south": {"uv": [9, 0, 10, 0.5], "texture": "#1"},
				"west": {"uv": [11, 7, 11.5, 7.5], "texture": "#1"},
				"up": {"uv": [10, 1, 9, 0.5], "texture": "#1"},
				"down": {"uv": [2, 9, 1, 9.5], "texture": "#1"}
			}
		},
		{
			"from": [3, 1, 2],
			"to": [7, 2, 3],
			"faces": {
				"north": {"uv": [1, 2, 3, 2.5], "texture": "#1"},
				"east": {"uv": [7.5, 11, 8, 11.5], "texture": "#1"},
				"south": {"uv": [2, 1, 4, 1.5], "texture": "#1"},
				"west": {"uv": [11, 7.5, 11.5, 8], "texture": "#1"},
				"up": {"uv": [4, 2, 2, 1.5], "texture": "#1"},
				"down": {"uv": [3, 2.5, 1, 3], "texture": "#1"}
			}
		},
		{
			"from": [3, 1, 7],
			"to": [7, 2, 8],
			"faces": {
				"north": {"uv": [0, 3, 2, 3.5], "texture": "#1"},
				"east": {"uv": [8, 11, 8.5, 11.5], "texture": "#1"},
				"south": {"uv": [3, 0, 5, 0.5], "texture": "#1"},
				"west": {"uv": [11, 8, 11.5, 8.5], "texture": "#1"},
				"up": {"uv": [5, 1, 3, 0.5], "texture": "#1"},
				"down": {"uv": [4, 3, 2, 3.5], "texture": "#1"}
			}
		},
		{
			"from": [2, 1, 3],
			"to": [3, 2, 7],
			"faces": {
				"north": {"uv": [8.5, 11, 9, 11.5], "texture": "#1"},
				"east": {"uv": [3, 2, 5, 2.5], "texture": "#1"},
				"south": {"uv": [11, 8.5, 11.5, 9], "texture": "#1"},
				"west": {"uv": [3, 2.5, 5, 3], "texture": "#1"},
				"up": {"uv": [0.5, 5.5, 0, 3.5], "texture": "#1"},
				"down": {"uv": [1, 3.5, 0.5, 5.5], "texture": "#1"}
			}
		},
		{
			"from": [7, 1, 3],
			"to": [8, 2, 7],
			"faces": {
				"north": {"uv": [9, 11, 9.5, 11.5], "texture": "#1"},
				"east": {"uv": [1, 3.5, 3, 4], "texture": "#1"},
				"south": {"uv": [11, 9, 11.5, 9.5], "texture": "#1"},
				"west": {"uv": [3, 3.5, 5, 4], "texture": "#1"},
				"up": {"uv": [1.5, 6, 1, 4], "texture": "#1"},
				"down": {"uv": [2, 4, 1.5, 6], "texture": "#1"}
			}
		},
		{
			"from": [6, 1, 3],
			"to": [7, 2, 4],
			"faces": {
				"north": {"uv": [9.5, 11, 10, 11.5], "texture": "#1"},
				"east": {"uv": [11, 9.5, 11.5, 10], "texture": "#1"},
				"south": {"uv": [10, 11, 10.5, 11.5], "texture": "#1"},
				"west": {"uv": [11, 10, 11.5, 10.5], "texture": "#1"},
				"up": {"uv": [11, 11.5, 10.5, 11], "texture": "#1"},
				"down": {"uv": [11.5, 10.5, 11, 11], "texture": "#1"}
			}
		},
		{
			"from": [3, 1, 3],
			"to": [4, 2, 4],
			"faces": {
				"north": {"uv": [11, 11, 11.5, 11.5], "texture": "#1"},
				"east": {"uv": [0, 11.5, 0.5, 12], "texture": "#1"},
				"south": {"uv": [11.5, 0, 12, 0.5], "texture": "#1"},
				"west": {"uv": [0.5, 11.5, 1, 12], "texture": "#1"},
				"up": {"uv": [12, 1, 11.5, 0.5], "texture": "#1"},
				"down": {"uv": [1.5, 11.5, 1, 12], "texture": "#1"}
			}
		},
		{
			"from": [3, 1, 6],
			"to": [4, 2, 7],
			"faces": {
				"north": {"uv": [11.5, 1, 12, 1.5], "texture": "#1"},
				"east": {"uv": [1.5, 11.5, 2, 12], "texture": "#1"},
				"south": {"uv": [11.5, 1.5, 12, 2], "texture": "#1"},
				"west": {"uv": [2, 11.5, 2.5, 12], "texture": "#1"},
				"up": {"uv": [12, 2.5, 11.5, 2], "texture": "#1"},
				"down": {"uv": [3, 11.5, 2.5, 12], "texture": "#1"}
			}
		},
		{
			"from": [6, 1, 6],
			"to": [7, 2, 7],
			"faces": {
				"north": {"uv": [11.5, 2.5, 12, 3], "texture": "#1"},
				"east": {"uv": [3, 11.5, 3.5, 12], "texture": "#1"},
				"south": {"uv": [11.5, 3, 12, 3.5], "texture": "#1"},
				"west": {"uv": [3.5, 11.5, 4, 12], "texture": "#1"},
				"up": {"uv": [12, 4, 11.5, 3.5], "texture": "#1"},
				"down": {"uv": [4.5, 11.5, 4, 12], "texture": "#1"}
			}
		},
		{
			"from": [4, 2, 8],
			"to": [6, 3, 9],
			"faces": {
				"north": {"uv": [9, 1, 10, 1.5], "texture": "#1"},
				"east": {"uv": [11.5, 4, 12, 4.5], "texture": "#1"},
				"south": {"uv": [9, 1.5, 10, 2], "texture": "#1"},
				"west": {"uv": [4.5, 11.5, 5, 12], "texture": "#1"},
				"up": {"uv": [10, 2.5, 9, 2], "texture": "#1"},
				"down": {"uv": [3.5, 9, 2.5, 9.5], "texture": "#1"}
			}
		},
		{
			"from": [4, 2, 1],
			"to": [6, 3, 2],
			"faces": {
				"north": {"uv": [9, 2.5, 10, 3], "texture": "#1"},
				"east": {"uv": [11.5, 4.5, 12, 5], "texture": "#1"},
				"south": {"uv": [9, 3, 10, 3.5], "texture": "#1"},
				"west": {"uv": [5, 11.5, 5.5, 12], "texture": "#1"},
				"up": {"uv": [4.5, 9.5, 3.5, 9], "texture": "#1"},
				"down": {"uv": [10, 3.5, 9, 4], "texture": "#1"}
			}
		},
		{
			"from": [1, 2, 4],
			"to": [2, 3, 6],
			"faces": {
				"north": {"uv": [11.5, 5, 12, 5.5], "texture": "#1"},
				"east": {"uv": [4.5, 9, 5.5, 9.5], "texture": "#1"},
				"south": {"uv": [5.5, 11.5, 6, 12], "texture": "#1"},
				"west": {"uv": [9, 5.5, 10, 6], "texture": "#1"},
				"up": {"uv": [6.5, 9.5, 6, 8.5], "texture": "#1"},
				"down": {"uv": [7, 9, 6.5, 10], "texture": "#1"}
			}
		},
		{
			"from": [8, 2, 4],
			"to": [9, 3, 6],
			"faces": {
				"north": {"uv": [11.5, 5.5, 12, 6], "texture": "#1"},
				"east": {"uv": [9, 6, 10, 6.5], "texture": "#1"},
				"south": {"uv": [6, 11.5, 6.5, 12], "texture": "#1"},
				"west": {"uv": [7, 9, 8, 9.5], "texture": "#1"},
				"up": {"uv": [9.5, 8, 9, 7], "texture": "#1"},
				"down": {"uv": [8.5, 9, 8, 10], "texture": "#1"}
			}
		},
		{
			"from": [7, 2, 6],
			"to": [8, 3, 8],
			"faces": {
				"north": {"uv": [11.5, 6, 12, 6.5], "texture": "#1"},
				"east": {"uv": [9, 8, 10, 8.5], "texture": "#1"},
				"south": {"uv": [6.5, 11.5, 7, 12], "texture": "#1"},
				"west": {"uv": [8.5, 9, 9.5, 9.5], "texture": "#1"},
				"up": {"uv": [0.5, 10.5, 0, 9.5], "texture": "#1"},
				"down": {"uv": [1, 9.5, 0.5, 10.5], "texture": "#1"}
			}
		},
		{
			"from": [6, 2, 7],
			"to": [7, 3, 8],
			"faces": {
				"north": {"uv": [11.5, 6.5, 12, 7], "texture": "#1"},
				"east": {"uv": [7, 11.5, 7.5, 12], "texture": "#1"},
				"south": {"uv": [11.5, 7, 12, 7.5], "texture": "#1"},
				"west": {"uv": [7.5, 11.5, 8, 12], "texture": "#1"},
				"up": {"uv": [12, 8, 11.5, 7.5], "texture": "#1"},
				"down": {"uv": [8.5, 11.5, 8, 12], "texture": "#1"}
			}
		},
		{
			"from": [3, 2, 7],
			"to": [4, 3, 8],
			"faces": {
				"north": {"uv": [11.5, 8, 12, 8.5], "texture": "#1"},
				"east": {"uv": [8.5, 11.5, 9, 12], "texture": "#1"},
				"south": {"uv": [11.5, 8.5, 12, 9], "texture": "#1"},
				"west": {"uv": [9, 11.5, 9.5, 12], "texture": "#1"},
				"up": {"uv": [12, 9.5, 11.5, 9], "texture": "#1"},
				"down": {"uv": [10, 11.5, 9.5, 12], "texture": "#1"}
			}
		},
		{
			"from": [3, 3, 1],
			"to": [7, 4, 2],
			"faces": {
				"north": {"uv": [4, 1, 6, 1.5], "texture": "#1"},
				"east": {"uv": [11.5, 9.5, 12, 10], "texture": "#1"},
				"south": {"uv": [4, 1.5, 6, 2], "texture": "#1"},
				"west": {"uv": [10, 11.5, 10.5, 12], "texture": "#1"},
				"up": {"uv": [4, 4.5, 2, 4], "texture": "#1"},
				"down": {"uv": [6, 3, 4, 3.5], "texture": "#1"}
			}
		},
		{
			"from": [3, 3, 8],
			"to": [7, 4, 9],
			"faces": {
				"north": {"uv": [4, 4, 6, 4.5], "texture": "#1"},
				"east": {"uv": [11.5, 10, 12, 10.5], "texture": "#1"},
				"south": {"uv": [2, 4.5, 4, 5], "texture": "#1"},
				"west": {"uv": [10.5, 11.5, 11, 12], "texture": "#1"},
				"up": {"uv": [6, 5, 4, 4.5], "texture": "#1"},
				"down": {"uv": [7, 0, 5, 0.5], "texture": "#1"}
			}
		},
		{
			"from": [8, 3, 3],
			"to": [9, 4, 7],
			"faces": {
				"north": {"uv": [11.5, 10.5, 12, 11], "texture": "#1"},
				"east": {"uv": [5, 0.5, 7, 1], "texture": "#1"},
				"south": {"uv": [11, 11.5, 11.5, 12], "texture": "#1"},
				"west": {"uv": [2, 5, 4, 5.5], "texture": "#1"},
				"up": {"uv": [4.5, 7, 4, 5], "texture": "#1"},
				"down": {"uv": [5, 5, 4.5, 7], "texture": "#1"}
			}
		},
		{
			"from": [1, 3, 3],
			"to": [2, 4, 7],
			"faces": {
				"north": {"uv": [11.5, 11, 12, 11.5], "texture": "#1"},
				"east": {"uv": [5, 2, 7, 2.5], "texture": "#1"},
				"south": {"uv": [11.5, 11.5, 12, 12], "texture": "#1"},
				"west": {"uv": [5, 2.5, 7, 3], "texture": "#1"},
				"up": {"uv": [5.5, 7, 5, 5], "texture": "#1"},
				"down": {"uv": [0.5, 5.5, 0, 7.5], "texture": "#1"}
			}
		},
		{
			"from": [2, 3, 7],
			"to": [3, 4, 8],
			"faces": {
				"north": {"uv": [0, 12, 0.5, 12.5], "texture": "#1"},
				"east": {"uv": [12, 0, 12.5, 0.5], "texture": "#1"},
				"south": {"uv": [0.5, 12, 1, 12.5], "texture": "#1"},
				"west": {"uv": [12, 0.5, 12.5, 1], "texture": "#1"},
				"up": {"uv": [1.5, 12.5, 1, 12], "texture": "#1"},
				"down": {"uv": [12.5, 1, 12, 1.5], "texture": "#1"}
			}
		},
		{
			"from": [2, 3, 2],
			"to": [3, 4, 3],
			"faces": {
				"north": {"uv": [1.5, 12, 2, 12.5], "texture": "#1"},
				"east": {"uv": [12, 1.5, 12.5, 2], "texture": "#1"},
				"south": {"uv": [2, 12, 2.5, 12.5], "texture": "#1"},
				"west": {"uv": [12, 2, 12.5, 2.5], "texture": "#1"},
				"up": {"uv": [3, 12.5, 2.5, 12], "texture": "#1"},
				"down": {"uv": [12.5, 2.5, 12, 3], "texture": "#1"}
			}
		},
		{
			"from": [7, 3, 2],
			"to": [8, 4, 3],
			"faces": {
				"north": {"uv": [3, 12, 3.5, 12.5], "texture": "#1"},
				"east": {"uv": [12, 3, 12.5, 3.5], "texture": "#1"},
				"south": {"uv": [3.5, 12, 4, 12.5], "texture": "#1"},
				"west": {"uv": [12, 3.5, 12.5, 4], "texture": "#1"},
				"up": {"uv": [4.5, 12.5, 4, 12], "texture": "#1"},
				"down": {"uv": [12.5, 4, 12, 4.5], "texture": "#1"}
			}
		},
		{
			"from": [7, 3, 7],
			"to": [8, 4, 8],
			"faces": {
				"north": {"uv": [4.5, 12, 5, 12.5], "texture": "#1"},
				"east": {"uv": [12, 4.5, 12.5, 5], "texture": "#1"},
				"south": {"uv": [5, 12, 5.5, 12.5], "texture": "#1"},
				"west": {"uv": [12, 5, 12.5, 5.5], "texture": "#1"},
				"up": {"uv": [6, 12.5, 5.5, 12], "texture": "#1"},
				"down": {"uv": [12.5, 5.5, 12, 6], "texture": "#1"}
			}
		},
		{
			"from": [7, 4, 2],
			"to": [8, 5, 3],
			"faces": {
				"north": {"uv": [6, 12, 6.5, 12.5], "texture": "#1"},
				"east": {"uv": [12, 6, 12.5, 6.5], "texture": "#1"},
				"south": {"uv": [6.5, 12, 7, 12.5], "texture": "#1"},
				"west": {"uv": [12, 6.5, 12.5, 7], "texture": "#1"},
				"up": {"uv": [7.5, 12.5, 7, 12], "texture": "#1"},
				"down": {"uv": [12.5, 7, 12, 7.5], "texture": "#1"}
			}
		},
		{
			"from": [3, 4, 1],
			"to": [7, 5, 2],
			"faces": {
				"north": {"uv": [5, 3.5, 7, 4], "texture": "#1"},
				"east": {"uv": [7.5, 12, 8, 12.5], "texture": "#1"},
				"south": {"uv": [2, 5.5, 4, 6], "texture": "#1"},
				"west": {"uv": [12, 7.5, 12.5, 8], "texture": "#1"},
				"up": {"uv": [7.5, 5.5, 5.5, 5], "texture": "#1"},
				"down": {"uv": [7.5, 5.5, 5.5, 6], "texture": "#1"}
			}
		},
		{
			"from": [2, 4, 2],
			"to": [3, 5, 3],
			"faces": {
				"north": {"uv": [8, 12, 8.5, 12.5], "texture": "#1"},
				"east": {"uv": [12, 8, 12.5, 8.5], "texture": "#1"},
				"south": {"uv": [8.5, 12, 9, 12.5], "texture": "#1"},
				"west": {"uv": [12, 8.5, 12.5, 9], "texture": "#1"},
				"up": {"uv": [9.5, 12.5, 9, 12], "texture": "#1"},
				"down": {"uv": [12.5, 9, 12, 9.5], "texture": "#1"}
			}
		},
		{
			"from": [1, 4, 3],
			"to": [2, 5, 7],
			"faces": {
				"north": {"uv": [9.5, 12, 10, 12.5], "texture": "#1"},
				"east": {"uv": [0.5, 6, 2.5, 6.5], "texture": "#1"},
				"south": {"uv": [12, 9.5, 12.5, 10], "texture": "#1"},
				"west": {"uv": [6, 1, 8, 1.5], "texture": "#1"},
				"up": {"uv": [3, 8, 2.5, 6], "texture": "#1"},
				"down": {"uv": [3.5, 6, 3, 8], "texture": "#1"}
			}
		},
		{
			"from": [2, 4, 7],
			"to": [3, 5, 8],
			"faces": {
				"north": {"uv": [10, 12, 10.5, 12.5], "texture": "#1"},
				"east": {"uv": [12, 10, 12.5, 10.5], "texture": "#1"},
				"south": {"uv": [10.5, 12, 11, 12.5], "texture": "#1"},
				"west": {"uv": [12, 10.5, 12.5, 11], "texture": "#1"},
				"up": {"uv": [11.5, 12.5, 11, 12], "texture": "#1"},
				"down": {"uv": [12.5, 11, 12, 11.5], "texture": "#1"}
			}
		},
		{
			"from": [3, 4, 8],
			"to": [7, 5, 9],
			"faces": {
				"north": {"uv": [6, 1.5, 8, 2], "texture": "#1"},
				"east": {"uv": [11.5, 12, 12, 12.5], "texture": "#1"},
				"south": {"uv": [6, 3, 8, 3.5], "texture": "#1"},
				"west": {"uv": [12, 11.5, 12.5, 12], "texture": "#1"},
				"up": {"uv": [8, 4.5, 6, 4], "texture": "#1"},
				"down": {"uv": [8, 4.5, 6, 5], "texture": "#1"}
			}
		},
		{
			"from": [8, 5, 4],
			"to": [9, 6, 6],
			"faces": {
				"north": {"uv": [12, 12, 12.5, 12.5], "texture": "#1"},
				"east": {"uv": [9, 8.5, 10, 9], "texture": "#1"},
				"south": {"uv": [0, 12.5, 0.5, 13], "texture": "#1"},
				"west": {"uv": [1, 9.5, 2, 10], "texture": "#1"},
				"up": {"uv": [2.5, 10.5, 2, 9.5], "texture": "#1"},
				"down": {"uv": [3, 9.5, 2.5, 10.5], "texture": "#1"}
			}
		},
		{
			"from": [7, 5, 2],
			"to": [8, 6, 4],
			"faces": {
				"north": {"uv": [12.5, 0, 13, 0.5], "texture": "#1"},
				"east": {"uv": [3, 9.5, 4, 10], "texture": "#1"},
				"south": {"uv": [0.5, 12.5, 1, 13], "texture": "#1"},
				"west": {"uv": [4, 9.5, 5, 10], "texture": "#1"},
				"up": {"uv": [10, 5, 9.5, 4], "texture": "#1"},
				"down": {"uv": [5.5, 9.5, 5, 10.5], "texture": "#1"}
			}
		},
		{
			"from": [4, 5, 1],
			"to": [6, 6, 2],
			"faces": {
				"north": {"uv": [9.5, 5, 10.5, 5.5], "texture": "#1"},
				"east": {"uv": [12.5, 0.5, 13, 1], "texture": "#1"},
				"south": {"uv": [5.5, 9.5, 6.5, 10], "texture": "#1"},
				"west": {"uv": [1, 12.5, 1.5, 13], "texture": "#1"},
				"up": {"uv": [10.5, 7, 9.5, 6.5], "texture": "#1"},
				"down": {"uv": [8, 9.5, 7, 10], "texture": "#1"}
			}
		},
		{
			"from": [6, 5, 2],
			"to": [7, 6, 3],
			"faces": {
				"north": {"uv": [12.5, 1, 13, 1.5], "texture": "#1"},
				"east": {"uv": [1.5, 12.5, 2, 13], "texture": "#1"},
				"south": {"uv": [12.5, 1.5, 13, 2], "texture": "#1"},
				"west": {"uv": [2, 12.5, 2.5, 13], "texture": "#1"},
				"up": {"uv": [13, 2.5, 12.5, 2], "texture": "#1"},
				"down": {"uv": [3, 12.5, 2.5, 13], "texture": "#1"}
			}
		},
		{
			"from": [3, 5, 2],
			"to": [4, 6, 3],
			"faces": {
				"north": {"uv": [12.5, 2.5, 13, 3], "texture": "#1"},
				"east": {"uv": [3, 12.5, 3.5, 13], "texture": "#1"},
				"south": {"uv": [12.5, 3, 13, 3.5], "texture": "#1"},
				"west": {"uv": [3.5, 12.5, 4, 13], "texture": "#1"},
				"up": {"uv": [13, 4, 12.5, 3.5], "texture": "#1"},
				"down": {"uv": [4.5, 12.5, 4, 13], "texture": "#1"}
			}
		},
		{
			"from": [2, 5, 2],
			"to": [3, 6, 4],
			"faces": {
				"north": {"uv": [12.5, 4, 13, 4.5], "texture": "#1"},
				"east": {"uv": [9.5, 7, 10.5, 7.5], "texture": "#1"},
				"south": {"uv": [4.5, 12.5, 5, 13], "texture": "#1"},
				"west": {"uv": [9.5, 7.5, 10.5, 8], "texture": "#1"},
				"up": {"uv": [9, 10.5, 8.5, 9.5], "texture": "#1"},
				"down": {"uv": [9.5, 9.5, 9, 10.5], "texture": "#1"}
			}
		},
		{
			"from": [1, 5, 4],
			"to": [2, 6, 6],
			"faces": {
				"north": {"uv": [12.5, 4.5, 13, 5], "texture": "#1"},
				"east": {"uv": [9.5, 9, 10.5, 9.5], "texture": "#1"},
				"south": {"uv": [5, 12.5, 5.5, 13], "texture": "#1"},
				"west": {"uv": [9.5, 9.5, 10.5, 10], "texture": "#1"},
				"up": {"uv": [10.5, 1, 10, 0], "texture": "#1"},
				"down": {"uv": [1.5, 10, 1, 11], "texture": "#1"}
			}
		},
		{
			"from": [2, 5, 6],
			"to": [3, 6, 8],
			"faces": {
				"north": {"uv": [12.5, 5, 13, 5.5], "texture": "#1"},
				"east": {"uv": [10, 1, 11, 1.5], "texture": "#1"},
				"south": {"uv": [5.5, 12.5, 6, 13], "texture": "#1"},
				"west": {"uv": [10, 1.5, 11, 2], "texture": "#1"},
				"up": {"uv": [2, 11, 1.5, 10], "texture": "#1"},
				"down": {"uv": [10.5, 2, 10, 3], "texture": "#1"}
			}
		},
		{
			"from": [3, 5, 7],
			"to": [4, 6, 8],
			"faces": {
				"north": {"uv": [12.5, 5.5, 13, 6], "texture": "#1"},
				"east": {"uv": [6, 12.5, 6.5, 13], "texture": "#1"},
				"south": {"uv": [12.5, 6, 13, 6.5], "texture": "#1"},
				"west": {"uv": [6.5, 12.5, 7, 13], "texture": "#1"},
				"up": {"uv": [13, 7, 12.5, 6.5], "texture": "#1"},
				"down": {"uv": [7.5, 12.5, 7, 13], "texture": "#1"}
			}
		},
		{
			"from": [6, 5, 7],
			"to": [7, 6, 8],
			"faces": {
				"north": {"uv": [12.5, 7, 13, 7.5], "texture": "#1"},
				"east": {"uv": [7.5, 12.5, 8, 13], "texture": "#1"},
				"south": {"uv": [12.5, 7.5, 13, 8], "texture": "#1"},
				"west": {"uv": [8, 12.5, 8.5, 13], "texture": "#1"},
				"up": {"uv": [13, 8.5, 12.5, 8], "texture": "#1"},
				"down": {"uv": [9, 12.5, 8.5, 13], "texture": "#1"}
			}
		},
		{
			"from": [7, 5, 6],
			"to": [8, 6, 8],
			"faces": {
				"north": {"uv": [12.5, 8.5, 13, 9], "texture": "#1"},
				"east": {"uv": [3, 10, 4, 10.5], "texture": "#1"},
				"south": {"uv": [9, 12.5, 9.5, 13], "texture": "#1"},
				"west": {"uv": [10, 3, 11, 3.5], "texture": "#1"},
				"up": {"uv": [10.5, 4.5, 10, 3.5], "texture": "#1"},
				"down": {"uv": [4.5, 10, 4, 11], "texture": "#1"}
			}
		},
		{
			"from": [4, 5, 8],
			"to": [6, 6, 9],
			"faces": {
				"north": {"uv": [10, 4.5, 11, 5], "texture": "#1"},
				"east": {"uv": [12.5, 9, 13, 9.5], "texture": "#1"},
				"south": {"uv": [5.5, 10, 6.5, 10.5], "texture": "#1"},
				"west": {"uv": [9.5, 12.5, 10, 13], "texture": "#1"},
				"up": {"uv": [11, 6, 10, 5.5], "texture": "#1"},
				"down": {"uv": [11, 6, 10, 6.5], "texture": "#1"}
			}
		},
		{
			"from": [3, 6, 7],
			"to": [7, 7, 8],
			"faces": {
				"north": {"uv": [5.5, 6, 7.5, 6.5], "texture": "#1"},
				"east": {"uv": [12.5, 9.5, 13, 10], "texture": "#1"},
				"south": {"uv": [0.5, 6.5, 2.5, 7], "texture": "#1"},
				"west": {"uv": [10, 12.5, 10.5, 13], "texture": "#1"},
				"up": {"uv": [7.5, 7, 5.5, 6.5], "texture": "#1"},
				"down": {"uv": [9, 0, 7, 0.5], "texture": "#1"}
			}
		},
		{
			"from": [6, 6, 6],
			"to": [7, 7, 7],
			"faces": {
				"north": {"uv": [12.5, 10, 13, 10.5], "texture": "#1"},
				"east": {"uv": [10.5, 12.5, 11, 13], "texture": "#1"},
				"south": {"uv": [12.5, 10.5, 13, 11], "texture": "#1"},
				"west": {"uv": [11, 12.5, 11.5, 13], "texture": "#1"},
				"up": {"uv": [13, 11.5, 12.5, 11], "texture": "#1"},
				"down": {"uv": [12, 12.5, 11.5, 13], "texture": "#1"}
			}
		},
		{
			"from": [7, 6, 3],
			"to": [8, 7, 7],
			"faces": {
				"north": {"uv": [12.5, 11.5, 13, 12], "texture": "#1"},
				"east": {"uv": [0.5, 7, 2.5, 7.5], "texture": "#1"},
				"south": {"uv": [12, 12.5, 12.5, 13], "texture": "#1"},
				"west": {"uv": [7, 0.5, 9, 1], "texture": "#1"},
				"up": {"uv": [4, 8, 3.5, 6], "texture": "#1"},
				"down": {"uv": [4.5, 7, 4, 9], "texture": "#1"}
			}
		},
		{
			"from": [3, 6, 6],
			"to": [4, 7, 7],
			"faces": {
				"north": {"uv": [12.5, 12, 13, 12.5], "texture": "#1"},
				"east": {"uv": [12.5, 12.5, 13, 13], "texture": "#1"},
				"south": {"uv": [0, 13, 0.5, 13.5], "texture": "#1"},
				"west": {"uv": [13, 0, 13.5, 0.5], "texture": "#1"},
				"up": {"uv": [1, 13.5, 0.5, 13], "texture": "#1"},
				"down": {"uv": [13.5, 0.5, 13, 1], "texture": "#1"}
			}
		},
		{
			"from": [2, 6, 3],
			"to": [3, 7, 7],
			"faces": {
				"north": {"uv": [1, 13, 1.5, 13.5], "texture": "#1"},
				"east": {"uv": [7, 2, 9, 2.5], "texture": "#1"},
				"south": {"uv": [13, 1, 13.5, 1.5], "texture": "#1"},
				"west": {"uv": [7, 2.5, 9, 3], "texture": "#1"},
				"up": {"uv": [5, 9, 4.5, 7], "texture": "#1"},
				"down": {"uv": [5.5, 7, 5, 9], "texture": "#1"}
			}
		},
		{
			"from": [3, 6, 2],
			"to": [7, 7, 3],
			"faces": {
				"north": {"uv": [7, 3.5, 9, 4], "texture": "#1"},
				"east": {"uv": [1.5, 13, 2, 13.5], "texture": "#1"},
				"south": {"uv": [5.5, 7, 7.5, 7.5], "texture": "#1"},
				"west": {"uv": [13, 1.5, 13.5, 2], "texture": "#1"},
				"up": {"uv": [2, 8, 0, 7.5], "texture": "#1"},
				"down": {"uv": [9.5, 5, 7.5, 5.5], "texture": "#1"}
			}
		},
		{
			"from": [3, 6, 3],
			"to": [4, 7, 4],
			"faces": {
				"north": {"uv": [2, 13, 2.5, 13.5], "texture": "#1"},
				"east": {"uv": [13, 2, 13.5, 2.5], "texture": "#1"},
				"south": {"uv": [2.5, 13, 3, 13.5], "texture": "#1"},
				"west": {"uv": [13, 2.5, 13.5, 3], "texture": "#1"},
				"up": {"uv": [3.5, 13.5, 3, 13], "texture": "#1"},
				"down": {"uv": [13.5, 3, 13, 3.5], "texture": "#1"}
			}
		},
		{
			"from": [6, 6, 3],
			"to": [7, 7, 4],
			"faces": {
				"north": {"uv": [3.5, 13, 4, 13.5], "texture": "#1"},
				"east": {"uv": [13, 3.5, 13.5, 4], "texture": "#1"},
				"south": {"uv": [4, 13, 4.5, 13.5], "texture": "#1"},
				"west": {"uv": [13, 4, 13.5, 4.5], "texture": "#1"},
				"up": {"uv": [5, 13.5, 4.5, 13], "texture": "#1"},
				"down": {"uv": [13.5, 4.5, 13, 5], "texture": "#1"}
			}
		},
		{
			"from": [6, 7, 4],
			"to": [7, 8, 6],
			"faces": {
				"north": {"uv": [5, 13, 5.5, 13.5], "texture": "#1"},
				"east": {"uv": [6.5, 10, 7.5, 10.5], "texture": "#1"},
				"south": {"uv": [13, 5, 13.5, 5.5], "texture": "#1"},
				"west": {"uv": [7.5, 10, 8.5, 10.5], "texture": "#1"},
				"up": {"uv": [5, 11, 4.5, 10], "texture": "#1"},
				"down": {"uv": [10.5, 8, 10, 9], "texture": "#1"}
			}
		},
		{
			"from": [4, 7, 6],
			"to": [6, 8, 7],
			"faces": {
				"north": {"uv": [9.5, 10, 10.5, 10.5], "texture": "#1"},
				"east": {"uv": [5.5, 13, 6, 13.5], "texture": "#1"},
				"south": {"uv": [0, 10.5, 1, 11], "texture": "#1"},
				"west": {"uv": [13, 5.5, 13.5, 6], "texture": "#1"},
				"up": {"uv": [11.5, 0.5, 10.5, 0], "texture": "#1"},
				"down": {"uv": [11.5, 0.5, 10.5, 1], "texture": "#1"}
			}
		},
		{
			"from": [4, 7, 4],
			"to": [6, 8, 6],
			"faces": {
				"north": {"uv": [2, 10.5, 3, 11], "texture": "#1"},
				"east": {"uv": [10.5, 2, 11.5, 2.5], "texture": "#1"},
				"south": {"uv": [10.5, 2.5, 11.5, 3], "texture": "#1"},
				"west": {"uv": [3, 10.5, 4, 11], "texture": "#1"},
				"up": {"uv": [6.5, 8.5, 5.5, 7.5], "texture": "#1"},
				"down": {"uv": [8.5, 5.5, 7.5, 6.5], "texture": "#1"}
			}
		},
		{
			"from": [4, 7, 3],
			"to": [6, 8, 4],
			"faces": {
				"north": {"uv": [10.5, 3.5, 11.5, 4], "texture": "#1"},
				"east": {"uv": [6, 13, 6.5, 13.5], "texture": "#1"},
				"south": {"uv": [10.5, 4, 11.5, 4.5], "texture": "#1"},
				"west": {"uv": [13, 6, 13.5, 6.5], "texture": "#1"},
				"up": {"uv": [6, 11, 5, 10.5], "texture": "#1"},
				"down": {"uv": [11.5, 5, 10.5, 5.5], "texture": "#1"}
			}
		},
		{
			"from": [3, 7, 4],
			"to": [4, 8, 6],
			"faces": {
				"north": {"uv": [6.5, 13, 7, 13.5], "texture": "#1"},
				"east": {"uv": [6, 10.5, 7, 11], "texture": "#1"},
				"south": {"uv": [13, 6.5, 13.5, 7], "texture": "#1"},
				"west": {"uv": [10.5, 6.5, 11.5, 7], "texture": "#1"},
				"up": {"uv": [7.5, 11.5, 7, 10.5], "texture": "#1"},
				"down": {"uv": [11, 7, 10.5, 8], "texture": "#1"}
			}
		}
	],
	"display": {
		"thirdperson_righthand": {
			"rotation": [-27.67, -25.93, 24.01],
			"translation": [1.25, 5.5, 1.25],
			"scale": [1.36, 1.24, 1.36]
		}
	},
	"groups": [
		{
			"name": "fire",
			"origin": [8, 8, 8],
			"color": 0,
			"children": [0, 1, 2, 3, 4, 5, 6, 7, 8, 9, 10, 11, 12, 13, 14, 15, 16, 17, 18, 19]
		},
		{
			"name": "ball",
			"origin": [8, 8, 8],
			"color": 0,
			"children": [
				20,
				21,
				22,
				23,
				24,
				25,
				26,
				27,
				28,
				29,
				30,
				31,
				32,
				33,
				34,
				35,
				36,
				37,
				38,
				39,
				40,
				41,
				42,
				43,
				44,
				45,
				46,
				47,
				48,
				49,
				50,
				51,
				52,
				53,
				54,
				55,
				56,
				57,
				58,
				59,
				60,
				61,
				62,
				63,
				64,
				65,
				66,
				67,
				68,
				69,
				70,
				71,
				72,
				73,
				74,
				75,
				76,
				77,
				78,
				79,
				80,
				81,
				82,
				83,
				84,
				85
			]
		}
	]
}