{
	"credit": "Made with Blockbench",
	"texture_size": [32, 32],
	"textures": {
		"0": "./skystars_texture",
		"particle": "./skystars_texture"
	},
	"elements": [
		{
			"from": [4, 7, 7],
			"to": [13, 8, 8],
			"faces": {
				"north": {"uv": [3, 0, 7.5, 0.5], "texture": "#0"},
				"east": {"uv": [0, 12, 0.5, 12.5], "texture": "#0"},
				"south": {"uv": [3, 0.5, 7.5, 1], "texture": "#0"},
				"west": {"uv": [12, 0, 12.5, 0.5], "texture": "#0"},
				"up": {"uv": [7.5, 1.5, 3, 1], "texture": "#0"},
				"down": {"uv": [7.5, 1.5, 3, 2], "texture": "#0"}
			}
		},
		{
			"from": [13, 7, 9],
			"to": [14, 9, 10],
			"faces": {
				"north": {"uv": [2, 11, 2.5, 12], "texture": "#0"},
				"east": {"uv": [11, 2, 11.5, 3], "texture": "#0"},
				"south": {"uv": [2.5, 11, 3, 12], "texture": "#0"},
				"west": {"uv": [3, 11, 3.5, 12], "texture": "#0"},
				"up": {"uv": [13, 12.5, 12.5, 12], "texture": "#0"},
				"down": {"uv": [13, 12.5, 12.5, 13], "texture": "#0"}
			}
		},
		{
			"from": [9, 10, 9],
			"to": [11, 11, 10],
			"faces": {
				"north": {"uv": [11, 0, 12, 0.5], "texture": "#0"},
				"east": {"uv": [12.5, 11.5, 13, 12], "texture": "#0"},
				"south": {"uv": [11, 0.5, 12, 1], "texture": "#0"},
				"west": {"uv": [12, 12.5, 12.5, 13], "texture": "#0"},
				"up": {"uv": [2, 11.5, 1, 11], "texture": "#0"},
				"down": {"uv": [12, 1, 11, 1.5], "texture": "#0"}
			}
		},
		{
			"from": [11, 8, 9],
			"to": [13, 9, 10],
			"faces": {
				"north": {"uv": [10.5, 9, 11.5, 9.5], "texture": "#0"},
				"east": {"uv": [12.5, 11, 13, 11.5], "texture": "#0"},
				"south": {"uv": [10.5, 9.5, 11.5, 10], "texture": "#0"},
				"west": {"uv": [11.5, 12.5, 12, 13], "texture": "#0"},
				"up": {"uv": [11, 11, 10, 10.5], "texture": "#0"},
				"down": {"uv": [11.5, 10, 10.5, 10.5], "texture": "#0"}
			}
		},
		{
			"from": [9, 11, 9],
			"to": [10, 12, 10],
			"faces": {
				"north": {"uv": [12.5, 9.5, 13, 10], "texture": "#0"},
				"east": {"uv": [10, 12.5, 10.5, 13], "texture": "#0"},
				"south": {"uv": [12.5, 10, 13, 10.5], "texture": "#0"},
				"west": {"uv": [10.5, 12.5, 11, 13], "texture": "#0"},
				"up": {"uv": [13, 11, 12.5, 10.5], "texture": "#0"},
				"down": {"uv": [11.5, 12.5, 11, 13], "texture": "#0"}
			}
		},
		{
			"from": [9, 8, 9],
			"to": [11, 10, 10],
			"faces": {
				"north": {"uv": [5, 4, 6, 5], "texture": "#0"},
				"east": {"uv": [7.5, 10.5, 8, 11.5], "texture": "#0"},
				"south": {"uv": [5, 5, 6, 6], "texture": "#0"},
				"west": {"uv": [8, 10.5, 8.5, 11.5], "texture": "#0"},
				"up": {"uv": [11.5, 8.5, 10.5, 8], "texture": "#0"},
				"down": {"uv": [11.5, 8.5, 10.5, 9], "texture": "#0"}
			}
		},
		{
			"from": [9, 4, 9],
			"to": [10, 5, 10],
			"faces": {
				"north": {"uv": [12.5, 8, 13, 8.5], "texture": "#0"},
				"east": {"uv": [8.5, 12.5, 9, 13], "texture": "#0"},
				"south": {"uv": [12.5, 8.5, 13, 9], "texture": "#0"},
				"west": {"uv": [9, 12.5, 9.5, 13], "texture": "#0"},
				"up": {"uv": [13, 9.5, 12.5, 9], "texture": "#0"},
				"down": {"uv": [10, 12.5, 9.5, 13], "texture": "#0"}
			}
		},
		{
			"from": [10, 6, 9],
			"to": [11, 7, 10],
			"faces": {
				"north": {"uv": [12.5, 6.5, 13, 7], "texture": "#0"},
				"east": {"uv": [7, 12.5, 7.5, 13], "texture": "#0"},
				"south": {"uv": [12.5, 7, 13, 7.5], "texture": "#0"},
				"west": {"uv": [7.5, 12.5, 8, 13], "texture": "#0"},
				"up": {"uv": [13, 8, 12.5, 7.5], "texture": "#0"},
				"down": {"uv": [8.5, 12.5, 8, 13], "texture": "#0"}
			}
		},
		{
			"from": [9, 5, 9],
			"to": [10, 7, 10],
			"faces": {
				"north": {"uv": [10.5, 6, 11, 7], "texture": "#0"},
				"east": {"uv": [6.5, 10.5, 7, 11.5], "texture": "#0"},
				"south": {"uv": [7, 10.5, 7.5, 11.5], "texture": "#0"},
				"west": {"uv": [10.5, 7, 11, 8], "texture": "#0"},
				"up": {"uv": [13, 6.5, 12.5, 6], "texture": "#0"},
				"down": {"uv": [7, 12.5, 6.5, 13], "texture": "#0"}
			}
		},
		{
			"from": [6, 6, 9],
			"to": [7, 7, 10],
			"faces": {
				"north": {"uv": [12.5, 4.5, 13, 5], "texture": "#0"},
				"east": {"uv": [5, 12.5, 5.5, 13], "texture": "#0"},
				"south": {"uv": [12.5, 5, 13, 5.5], "texture": "#0"},
				"west": {"uv": [5.5, 12.5, 6, 13], "texture": "#0"},
				"up": {"uv": [13, 6, 12.5, 5.5], "texture": "#0"},
				"down": {"uv": [6.5, 12.5, 6, 13], "texture": "#0"}
			}
		},
		{
			"from": [7, 5, 9],
			"to": [8, 7, 10],
			"faces": {
				"north": {"uv": [10.5, 2, 11, 3], "texture": "#0"},
				"east": {"uv": [10.5, 3, 11, 4], "texture": "#0"},
				"south": {"uv": [10.5, 4, 11, 5], "texture": "#0"},
				"west": {"uv": [10.5, 5, 11, 6], "texture": "#0"},
				"up": {"uv": [13, 4.5, 12.5, 4], "texture": "#0"},
				"down": {"uv": [5, 12.5, 4.5, 13], "texture": "#0"}
			}
		},
		{
			"from": [6, 8, 9],
			"to": [8, 10, 10],
			"faces": {
				"north": {"uv": [3, 5, 4, 6], "texture": "#0"},
				"east": {"uv": [0, 10.5, 0.5, 11.5], "texture": "#0"},
				"south": {"uv": [4, 5, 5, 6], "texture": "#0"},
				"west": {"uv": [0.5, 10.5, 1, 11.5], "texture": "#0"},
				"up": {"uv": [2, 11, 1, 10.5], "texture": "#0"},
				"down": {"uv": [11.5, 1.5, 10.5, 2], "texture": "#0"}
			}
		},
		{
			"from": [8, 3, 9],
			"to": [9, 5, 10],
			"faces": {
				"north": {"uv": [8.5, 10, 9, 11], "texture": "#0"},
				"east": {"uv": [9, 10, 9.5, 11], "texture": "#0"},
				"south": {"uv": [9.5, 10, 10, 11], "texture": "#0"},
				"west": {"uv": [10, 9.5, 10.5, 10.5], "texture": "#0"},
				"up": {"uv": [13, 4, 12.5, 3.5], "texture": "#0"},
				"down": {"uv": [4.5, 12.5, 4, 13], "texture": "#0"}
			}
		},
		{
			"from": [8, 5, 9],
			"to": [9, 7, 10],
			"faces": {
				"north": {"uv": [5.5, 10, 6, 11], "texture": "#0"},
				"east": {"uv": [10, 5.5, 10.5, 6.5], "texture": "#0"},
				"south": {"uv": [6, 10, 6.5, 11], "texture": "#0"},
				"west": {"uv": [10, 6.5, 10.5, 7.5], "texture": "#0"},
				"up": {"uv": [13, 3.5, 12.5, 3], "texture": "#0"},
				"down": {"uv": [4, 12.5, 3.5, 13], "texture": "#0"}
			}
		},
		{
			"from": [8, 10, 9],
			"to": [9, 12, 10],
			"faces": {
				"north": {"uv": [4, 10, 4.5, 11], "texture": "#0"},
				"east": {"uv": [4.5, 10, 5, 11], "texture": "#0"},
				"south": {"uv": [10, 4.5, 10.5, 5.5], "texture": "#0"},
				"west": {"uv": [5, 10, 5.5, 11], "texture": "#0"},
				"up": {"uv": [13, 3, 12.5, 2.5], "texture": "#0"},
				"down": {"uv": [3.5, 12.5, 3, 13], "texture": "#0"}
			}
		},
		{
			"from": [8, 8, 9],
			"to": [9, 10, 10],
			"faces": {
				"north": {"uv": [10, 2.5, 10.5, 3.5], "texture": "#0"},
				"east": {"uv": [3, 10, 3.5, 11], "texture": "#0"},
				"south": {"uv": [3.5, 10, 4, 11], "texture": "#0"},
				"west": {"uv": [10, 3.5, 10.5, 4.5], "texture": "#0"},
				"up": {"uv": [13, 2.5, 12.5, 2], "texture": "#0"},
				"down": {"uv": [3, 12.5, 2.5, 13], "texture": "#0"}
			}
		},
		{
			"from": [4, 7, 9],
			"to": [13, 8, 10],
			"faces": {
				"north": {"uv": [3, 2, 7.5, 2.5], "texture": "#0"},
				"east": {"uv": [12.5, 1.5, 13, 2], "texture": "#0"},
				"south": {"uv": [3, 2.5, 7.5, 3], "texture": "#0"},
				"west": {"uv": [2, 12.5, 2.5, 13], "texture": "#0"},
				"up": {"uv": [7.5, 3.5, 3, 3], "texture": "#0"},
				"down": {"uv": [7.5, 3.5, 3, 4], "texture": "#0"}
			}
		},
		{
			"from": [8, 8, 7],
			"to": [9, 10, 8],
			"faces": {
				"north": {"uv": [6.5, 8.5, 7, 9.5], "texture": "#0"},
				"east": {"uv": [8.5, 7, 9, 8], "texture": "#0"},
				"south": {"uv": [8.5, 8, 9, 9], "texture": "#0"},
				"west": {"uv": [0, 9, 0.5, 10], "texture": "#0"},
				"up": {"uv": [1, 12.5, 0.5, 12], "texture": "#0"},
				"down": {"uv": [12.5, 0.5, 12, 1], "texture": "#0"}
			}
		},
		{
			"from": [8, 10, 7],
			"to": [9, 12, 8],
			"faces": {
				"north": {"uv": [9, 0, 9.5, 1], "texture": "#0"},
				"east": {"uv": [0.5, 9, 1, 10], "texture": "#0"},
				"south": {"uv": [1, 9, 1.5, 10], "texture": "#0"},
				"west": {"uv": [9, 1, 9.5, 2], "texture": "#0"},
				"up": {"uv": [1.5, 12.5, 1, 12], "texture": "#0"},
				"down": {"uv": [12.5, 1, 12, 1.5], "texture": "#0"}
			}
		},
		{
			"from": [8, 5, 7],
			"to": [9, 7, 8],
			"faces": {
				"north": {"uv": [1.5, 9, 2, 10], "texture": "#0"},
				"east": {"uv": [2, 9, 2.5, 10], "texture": "#0"},
				"south": {"uv": [9, 2, 9.5, 3], "texture": "#0"},
				"west": {"uv": [2.5, 9, 3, 10], "texture": "#0"},
				"up": {"uv": [2, 12.5, 1.5, 12], "texture": "#0"},
				"down": {"uv": [12.5, 1.5, 12, 2], "texture": "#0"}
			}
		},
		{
			"from": [8, 3, 7],
			"to": [9, 5, 8],
			"faces": {
				"north": {"uv": [3, 9, 3.5, 10], "texture": "#0"},
				"east": {"uv": [9, 3, 9.5, 4], "texture": "#0"},
				"south": {"uv": [3.5, 9, 4, 10], "texture": "#0"},
				"west": {"uv": [5, 9, 5.5, 10], "texture": "#0"},
				"up": {"uv": [2.5, 12.5, 2, 12], "texture": "#0"},
				"down": {"uv": [12.5, 2, 12, 2.5], "texture": "#0"}
			}
		},
		{
			"from": [6, 8, 7],
			"to": [8, 10, 8],
			"faces": {
				"north": {"uv": [2, 4, 3, 5], "texture": "#0"},
				"east": {"uv": [5.5, 9, 6, 10], "texture": "#0"},
				"south": {"uv": [3, 4, 4, 5], "texture": "#0"},
				"west": {"uv": [6, 9, 6.5, 10], "texture": "#0"},
				"up": {"uv": [10, 4.5, 9, 4], "texture": "#0"},
				"down": {"uv": [10, 7, 9, 7.5], "texture": "#0"}
			}
		},
		{
			"from": [7, 5, 7],
			"to": [8, 7, 8],
			"faces": {
				"north": {"uv": [9, 7.5, 9.5, 8.5], "texture": "#0"},
				"east": {"uv": [8.5, 9, 9, 10], "texture": "#0"},
				"south": {"uv": [9, 8.5, 9.5, 9.5], "texture": "#0"},
				"west": {"uv": [9.5, 0, 10, 1], "texture": "#0"},
				"up": {"uv": [3, 12.5, 2.5, 12], "texture": "#0"},
				"down": {"uv": [3.5, 12, 3, 12.5], "texture": "#0"}
			}
		},
		{
			"from": [6, 6, 7],
			"to": [7, 7, 8],
			"faces": {
				"north": {"uv": [12, 3, 12.5, 3.5], "texture": "#0"},
				"east": {"uv": [4.5, 12, 5, 12.5], "texture": "#0"},
				"south": {"uv": [12, 4.5, 12.5, 5], "texture": "#0"},
				"west": {"uv": [12, 5, 12.5, 5.5], "texture": "#0"},
				"up": {"uv": [12.5, 6, 12, 5.5], "texture": "#0"},
				"down": {"uv": [6.5, 12, 6, 12.5], "texture": "#0"}
			}
		},
		{
			"from": [9, 5, 7],
			"to": [10, 7, 8],
			"faces": {
				"north": {"uv": [9.5, 1, 10, 2], "texture": "#0"},
				"east": {"uv": [9.5, 2, 10, 3], "texture": "#0"},
				"south": {"uv": [9.5, 3, 10, 4], "texture": "#0"},
				"west": {"uv": [6.5, 9.5, 7, 10.5], "texture": "#0"},
				"up": {"uv": [12.5, 6.5, 12, 6], "texture": "#0"},
				"down": {"uv": [7, 12, 6.5, 12.5], "texture": "#0"}
			}
		},
		{
			"from": [10, 6, 7],
			"to": [11, 7, 8],
			"faces": {
				"north": {"uv": [12, 6.5, 12.5, 7], "texture": "#0"},
				"east": {"uv": [7, 12, 7.5, 12.5], "texture": "#0"},
				"south": {"uv": [12, 7, 12.5, 7.5], "texture": "#0"},
				"west": {"uv": [7.5, 12, 8, 12.5], "texture": "#0"},
				"up": {"uv": [12.5, 8, 12, 7.5], "texture": "#0"},
				"down": {"uv": [8.5, 12, 8, 12.5], "texture": "#0"}
			}
		},
		{
			"from": [9, 4, 7],
			"to": [10, 5, 8],
			"faces": {
				"north": {"uv": [12, 8.5, 12.5, 9], "texture": "#0"},
				"east": {"uv": [9, 12, 9.5, 12.5], "texture": "#0"},
				"south": {"uv": [12, 9, 12.5, 9.5], "texture": "#0"},
				"west": {"uv": [9.5, 12, 10, 12.5], "texture": "#0"},
				"up": {"uv": [12.5, 10.5, 12, 10], "texture": "#0"},
				"down": {"uv": [11, 12, 10.5, 12.5], "texture": "#0"}
			}
		},
		{
			"from": [9, 8, 7],
			"to": [11, 10, 8],
			"faces": {
				"north": {"uv": [4, 4, 5, 5], "texture": "#0"},
				"east": {"uv": [7, 9.5, 7.5, 10.5], "texture": "#0"},
				"south": {"uv": [2, 5, 3, 6], "texture": "#0"},
				"west": {"uv": [7.5, 9.5, 8, 10.5], "texture": "#0"},
				"up": {"uv": [10.5, 8, 9.5, 7.5], "texture": "#0"},
				"down": {"uv": [10.5, 8, 9.5, 8.5], "texture": "#0"}
			}
		},
		{
			"from": [9, 11, 7],
			"to": [10, 12, 8],
			"faces": {
				"north": {"uv": [12, 10.5, 12.5, 11], "texture": "#0"},
				"east": {"uv": [11, 12, 11.5, 12.5], "texture": "#0"},
				"south": {"uv": [11.5, 12, 12, 12.5], "texture": "#0"},
				"west": {"uv": [12, 11.5, 12.5, 12], "texture": "#0"},
				"up": {"uv": [12.5, 12.5, 12, 12], "texture": "#0"},
				"down": {"uv": [0.5, 12.5, 0, 13], "texture": "#0"}
			}
		},
		{
			"from": [11, 8, 7],
			"to": [13, 9, 8],
			"faces": {
				"north": {"uv": [9.5, 8.5, 10.5, 9], "texture": "#0"},
				"east": {"uv": [12.5, 0, 13, 0.5], "texture": "#0"},
				"south": {"uv": [9, 9.5, 10, 10], "texture": "#0"},
				"west": {"uv": [0.5, 12.5, 1, 13], "texture": "#0"},
				"up": {"uv": [10.5, 9.5, 9.5, 9], "texture": "#0"},
				"down": {"uv": [1, 10, 0, 10.5], "texture": "#0"}
			}
		},
		{
			"from": [9, 10, 7],
			"to": [11, 11, 8],
			"faces": {
				"north": {"uv": [10, 0, 11, 0.5], "texture": "#0"},
				"east": {"uv": [12.5, 0.5, 13, 1], "texture": "#0"},
				"south": {"uv": [10, 0.5, 11, 1], "texture": "#0"},
				"west": {"uv": [1, 12.5, 1.5, 13], "texture": "#0"},
				"up": {"uv": [2, 10.5, 1, 10], "texture": "#0"},
				"down": {"uv": [11, 1, 10, 1.5], "texture": "#0"}
			}
		},
		{
			"from": [13, 7, 7],
			"to": [14, 9, 8],
			"faces": {
				"north": {"uv": [8, 9.5, 8.5, 10.5], "texture": "#0"},
				"east": {"uv": [10, 1.5, 10.5, 2.5], "texture": "#0"},
				"south": {"uv": [2, 10, 2.5, 11], "texture": "#0"},
				"west": {"uv": [2.5, 10, 3, 11], "texture": "#0"},
				"up": {"uv": [13, 1.5, 12.5, 1], "texture": "#0"},
				"down": {"uv": [2, 12.5, 1.5, 13], "texture": "#0"}
			}
		},
		{
			"from": [6, 8, 8],
			"to": [7, 12, 9],
			"faces": {
				"north": {"uv": [0, 4, 1, 6], "texture": "#0"},
				"east": {"uv": [0, 6, 0.5, 8], "texture": "#0"},
				"south": {"uv": [1, 4, 2, 6], "texture": "#0"},
				"west": {"uv": [0.5, 6, 1, 8], "texture": "#0"},
				"up": {"uv": [12, 3.5, 11, 3], "texture": "#0"},
				"down": {"uv": [4.5, 11, 3.5, 11.5], "texture": "#0"}
			}
		},
		{
			"from": [7, 8, 8],
			"to": [8, 13, 9],
			"faces": {
				"north": {"uv": [0, 4, 1, 6], "texture": "#0"},
				"east": {"uv": [0, 6, 0.5, 8], "texture": "#0"},
				"south": {"uv": [1, 4, 2, 6], "texture": "#0"},
				"west": {"uv": [0.5, 6, 1, 8], "texture": "#0"},
				"up": {"uv": [12, 3.5, 11, 3], "texture": "#0"},
				"down": {"uv": [4.5, 11, 3.5, 11.5], "texture": "#0"}
			}
		},
		{
			"from": [9, 8, 8],
			"to": [10, 13, 9],
			"faces": {
				"north": {"uv": [0, 4, 1, 6], "texture": "#0"},
				"east": {"uv": [0, 6, 0.5, 8], "texture": "#0"},
				"south": {"uv": [1, 4, 2, 6], "texture": "#0"},
				"west": {"uv": [0.5, 6, 1, 8], "texture": "#0"},
				"up": {"uv": [12, 3.5, 11, 3], "texture": "#0"},
				"down": {"uv": [4.5, 11, 3.5, 11.5], "texture": "#0"}
			}
		},
		{
			"from": [8, 10, 8],
			"to": [9, 14, 9],
			"faces": {
				"north": {"uv": [1.5, 7, 2, 9], "texture": "#0"},
				"east": {"uv": [2, 7, 2.5, 9], "texture": "#0"},
				"south": {"uv": [2.5, 7, 3, 9], "texture": "#0"},
				"west": {"uv": [7, 5, 7.5, 7], "texture": "#0"},
				"up": {"uv": [7, 13.5, 6.5, 13], "texture": "#0"},
				"down": {"uv": [13.5, 6.5, 13, 7], "texture": "#0"}
			}
		},
		{
			"from": [4, 8, 8],
			"to": [6, 10, 9],
			"faces": {
				"north": {"uv": [1, 6, 2, 7], "texture": "#0"},
				"east": {"uv": [11, 3.5, 11.5, 4.5], "texture": "#0"},
				"south": {"uv": [2, 6, 3, 7], "texture": "#0"},
				"west": {"uv": [4.5, 11, 5, 12], "texture": "#0"},
				"up": {"uv": [12, 5, 11, 4.5], "texture": "#0"},
				"down": {"uv": [6, 11, 5, 11.5], "texture": "#0"}
			}
		},
		{
			"from": [6, 5, 8],
			"to": [8, 7, 9],
			"faces": {
				"north": {"uv": [5.5, 7, 6.5, 8], "texture": "#0"},
				"east": {"uv": [10.5, 11, 11, 12], "texture": "#0"},
				"south": {"uv": [6.5, 7, 7.5, 8], "texture": "#0"},
				"west": {"uv": [11, 10.5, 11.5, 11.5], "texture": "#0"},
				"up": {"uv": [1, 12, 0, 11.5], "texture": "#0"},
				"down": {"uv": [2, 11.5, 1, 12], "texture": "#0"}
			}
		},
		{
			"from": [6, 3, 8],
			"to": [8, 5, 9],
			"faces": {
				"north": {"uv": [7.5, 2, 8.5, 3], "texture": "#0"},
				"east": {"uv": [4, 11.5, 4.5, 12.5], "texture": "#0"},
				"south": {"uv": [7.5, 3, 8.5, 4], "texture": "#0"},
				"west": {"uv": [5, 11.5, 5.5, 12.5], "texture": "#0"},
				"up": {"uv": [12.5, 4.5, 11.5, 4], "texture": "#0"},
				"down": {"uv": [7.5, 11.5, 6.5, 12], "texture": "#0"}
			}
		},
		{
			"from": [9, 3, 8],
			"to": [11, 5, 9],
			"faces": {
				"north": {"uv": [7.5, 4, 8.5, 5], "texture": "#0"},
				"east": {"uv": [5.5, 11.5, 6, 12.5], "texture": "#0"},
				"south": {"uv": [7.5, 5, 8.5, 6], "texture": "#0"},
				"west": {"uv": [11.5, 7, 12, 8], "texture": "#0"},
				"up": {"uv": [8.5, 12, 7.5, 11.5], "texture": "#0"},
				"down": {"uv": [12.5, 8, 11.5, 8.5], "texture": "#0"}
			}
		},
		{
			"from": [9, 5, 8],
			"to": [11, 7, 9],
			"faces": {
				"north": {"uv": [7.5, 6, 8.5, 7], "texture": "#0"},
				"east": {"uv": [8.5, 11.5, 9, 12.5], "texture": "#0"},
				"south": {"uv": [7.5, 7, 8.5, 8], "texture": "#0"},
				"west": {"uv": [11.5, 8.5, 12, 9.5], "texture": "#0"},
				"up": {"uv": [10, 12, 9, 11.5], "texture": "#0"},
				"down": {"uv": [12.5, 9.5, 11.5, 10], "texture": "#0"}
			}
		},
		{
			"from": [11, 5, 8],
			"to": [13, 7, 9],
			"faces": {
				"north": {"uv": [0, 8, 1, 9], "texture": "#0"},
				"east": {"uv": [10, 11.5, 10.5, 12.5], "texture": "#0"},
				"south": {"uv": [3, 8, 4, 9], "texture": "#0"},
				"west": {"uv": [11.5, 10, 12, 11], "texture": "#0"},
				"up": {"uv": [12, 12, 11, 11.5], "texture": "#0"},
				"down": {"uv": [12.5, 11, 11.5, 11.5], "texture": "#0"}
			}
		},
		{
			"from": [4, 5, 8],
			"to": [6, 7, 9],
			"faces": {
				"north": {"uv": [7.5, 0, 8.5, 1], "texture": "#0"},
				"east": {"uv": [11.5, 1.5, 12, 2.5], "texture": "#0"},
				"south": {"uv": [7.5, 1, 8.5, 2], "texture": "#0"},
				"west": {"uv": [3.5, 11.5, 4, 12.5], "texture": "#0"},
				"up": {"uv": [12.5, 3, 11.5, 2.5], "texture": "#0"},
				"down": {"uv": [12.5, 3.5, 11.5, 4], "texture": "#0"}
			}
		},
		{
			"from": [3, 6, 8],
			"to": [4, 9, 9],
			"faces": {
				"north": {"uv": [7, 8, 7.5, 9.5], "texture": "#0"},
				"east": {"uv": [7.5, 8, 8, 9.5], "texture": "#0"},
				"south": {"uv": [8, 8, 8.5, 9.5], "texture": "#0"},
				"west": {"uv": [8.5, 0, 9, 1.5], "texture": "#0"},
				"up": {"uv": [1, 13.5, 0.5, 13], "texture": "#0"},
				"down": {"uv": [13.5, 0.5, 13, 1], "texture": "#0"}
			}
		},
		{
			"from": [2, 7, 8],
			"to": [3, 8, 9],
			"faces": {
				"north": {"uv": [1, 13, 1.5, 13.5], "texture": "#0"},
				"east": {"uv": [13, 1, 13.5, 1.5], "texture": "#0"},
				"south": {"uv": [1.5, 13, 2, 13.5], "texture": "#0"},
				"west": {"uv": [13, 1.5, 13.5, 2], "texture": "#0"},
				"up": {"uv": [2.5, 13.5, 2, 13], "texture": "#0"},
				"down": {"uv": [13.5, 2, 13, 2.5], "texture": "#0"}
			}
		},
		{
			"from": [14, 6, 8],
			"to": [15, 9, 9],
			"faces": {
				"north": {"uv": [8.5, 1.5, 9, 3], "texture": "#0"},
				"east": {"uv": [8.5, 3, 9, 4.5], "texture": "#0"},
				"south": {"uv": [4, 8.5, 4.5, 10], "texture": "#0"},
				"west": {"uv": [4.5, 8.5, 5, 10], "texture": "#0"},
				"up": {"uv": [4.5, 13.5, 4, 13], "texture": "#0"},
				"down": {"uv": [13.5, 4, 13, 4.5], "texture": "#0"}
			}
		},
		{
			"from": [15, 7, 8],
			"to": [16, 8, 9],
			"faces": {
				"north": {"uv": [2.5, 13, 3, 13.5], "texture": "#0"},
				"east": {"uv": [13, 2.5, 13.5, 3], "texture": "#0"},
				"south": {"uv": [3, 13, 3.5, 13.5], "texture": "#0"},
				"west": {"uv": [13, 3, 13.5, 3.5], "texture": "#0"},
				"up": {"uv": [4, 13.5, 3.5, 13], "texture": "#0"},
				"down": {"uv": [13.5, 3.5, 13, 4], "texture": "#0"}
			}
		},
		{
			"from": [7, 2, 8],
			"to": [10, 3, 9],
			"faces": {
				"north": {"uv": [8.5, 5, 10, 5.5], "texture": "#0"},
				"east": {"uv": [7, 13, 7.5, 13.5], "texture": "#0"},
				"south": {"uv": [8.5, 5.5, 10, 6], "texture": "#0"},
				"west": {"uv": [13, 7, 13.5, 7.5], "texture": "#0"},
				"up": {"uv": [10, 6.5, 8.5, 6], "texture": "#0"},
				"down": {"uv": [10, 6.5, 8.5, 7], "texture": "#0"}
			}
		},
		{
			"from": [8, 1, 8],
			"to": [9, 2, 9],
			"faces": {
				"north": {"uv": [9, 13, 9.5, 13.5], "texture": "#0"},
				"east": {"uv": [13, 9, 13.5, 9.5], "texture": "#0"},
				"south": {"uv": [9.5, 13, 10, 13.5], "texture": "#0"},
				"west": {"uv": [13, 9.5, 13.5, 10], "texture": "#0"},
				"up": {"uv": [10.5, 13.5, 10, 13], "texture": "#0"},
				"down": {"uv": [13.5, 10, 13, 10.5], "texture": "#0"}
			}
		},
		{
			"from": [13, 6, 8],
			"to": [14, 7, 9],
			"faces": {
				"north": {"uv": [7.5, 13, 8, 13.5], "texture": "#0"},
				"east": {"uv": [13, 7.5, 13.5, 8], "texture": "#0"},
				"south": {"uv": [8, 13, 8.5, 13.5], "texture": "#0"},
				"west": {"uv": [13, 8, 13.5, 8.5], "texture": "#0"},
				"up": {"uv": [9, 13.5, 8.5, 13], "texture": "#0"},
				"down": {"uv": [13.5, 8.5, 13, 9], "texture": "#0"}
			}
		},
		{
			"from": [13, 9, 8],
			"to": [14, 10, 9],
			"faces": {
				"north": {"uv": [4.5, 13, 5, 13.5], "texture": "#0"},
				"east": {"uv": [13, 4.5, 13.5, 5], "texture": "#0"},
				"south": {"uv": [5, 13, 5.5, 13.5], "texture": "#0"},
				"west": {"uv": [13, 5, 13.5, 5.5], "texture": "#0"},
				"up": {"uv": [6, 13.5, 5.5, 13], "texture": "#0"},
				"down": {"uv": [13.5, 5.5, 13, 6], "texture": "#0"}
			}
		},
		{
			"from": [11, 9, 8],
			"to": [13, 10, 9],
			"faces": {
				"north": {"uv": [11, 5, 12, 5.5], "texture": "#0"},
				"east": {"uv": [6, 13, 6.5, 13.5], "texture": "#0"},
				"south": {"uv": [11, 5.5, 12, 6], "texture": "#0"},
				"west": {"uv": [13, 6, 13.5, 6.5], "texture": "#0"},
				"up": {"uv": [12, 6.5, 11, 6], "texture": "#0"},
				"down": {"uv": [12, 6.5, 11, 7], "texture": "#0"}
			}
		},
		{
			"from": [10, 10, 8],
			"to": [12, 12, 9],
			"faces": {
				"north": {"uv": [5.5, 6, 6.5, 7], "texture": "#0"},
				"east": {"uv": [6, 11, 6.5, 12], "texture": "#0"},
				"south": {"uv": [6.5, 4, 7.5, 5], "texture": "#0"},
				"west": {"uv": [11, 7, 11.5, 8], "texture": "#0"},
				"up": {"uv": [9.5, 11.5, 8.5, 11], "texture": "#0"},
				"down": {"uv": [10.5, 11, 9.5, 11.5], "texture": "#0"}
			}
		}
	],
	"display": {
		"gui": {
			"rotation": [0, 0, 0],
			"translation": [0, 1, 0],
			"scale": [1.75, 1.75, 1.75]
		}
	},
	"groups": [
		{
			"name": "face",
			"origin": [8, 8, 8],
			"color": 0,
			"children": [0, 1, 2, 3, 4, 5, 6, 7, 8, 9, 10, 11, 12, 13, 14, 15, 16, 17, 18, 19, 20, 21, 22, 23, 24, 25, 26, 27, 28, 29, 30, 31]
		},
		32,
		33,
		34,
		35,
		36,
		37,
		38,
		39,
		40,
		41,
		42,
		43,
		44,
		45,
		46,
		47,
		48,
		49,
		50,
		51,
		52
	]
}